{
    "name": "root",
    "metadata": {
        "timer_format_version": "0.1.0",
        "start_time_seconds": "1669853107",
        "python_version": "3.9.2rc1 (tags/v3.9.2rc1:4064156, Feb 17 2021, 11:25:18) [MSC v.1928 64 bit (AMD64)]",
        "command_line_arguments": "C:\\Users\\raulm\\AppData\\Local\\Programs\\Python\\Python39\\Scripts\\mlagents-learn rollerball_config.yaml --run-id=RollerAgent --force",
        "mlagents_version": "0.29.0",
        "mlagents_envs_version": "0.29.0",
        "communication_protocol_version": "1.5.0",
        "pytorch_version": "1.7.1+cu110",
        "numpy_version": "1.21.2",
        "end_time_seconds": "1669853207"
    },
    "total": 100.6315783,
    "count": 1,
    "self": 0.036869100000004096,
    "children": {
        "run_training.setup": {
            "total": 0.20931199999999972,
            "count": 1,
            "self": 0.20931199999999972
        },
        "TrainerController.start_learning": {
            "total": 100.3853972,
            "count": 1,
            "self": 0.012467999999984158,
            "children": {
                "TrainerController._reset_env": {
                    "total": 16.434292600000003,
                    "count": 1,
                    "self": 16.434292600000003
                },
                "TrainerController.advance": {
                    "total": 83.60977170000001,
                    "count": 240,
                    "self": 0.011312799999998902,
                    "children": {
                        "env_step": {
                            "total": 78.31374229999994,
                            "count": 240,
                            "self": 76.66414989999998,
                            "children": {
                                "SubprocessEnvManager._take_step": {
                                    "total": 1.6430064999999274,
                                    "count": 240,
                                    "self": 0.03831509999987759,
                                    "children": {
                                        "TorchPolicy.evaluate": {
                                            "total": 1.6046914000000498,
                                            "count": 237,
                                            "self": 0.3460968000000193,
                                            "children": {
                                                "TorchPolicy.sample_actions": {
                                                    "total": 1.2585946000000305,
                                                    "count": 237,
                                                    "self": 1.2585946000000305
                                                }
                                            }
                                        }
                                    }
                                },
                                "workers": {
                                    "total": 0.00658590000003656,
                                    "count": 239,
                                    "self": 0.0,
                                    "children": {
                                        "worker_root": {
                                            "total": 22.752822500000004,
                                            "count": 239,
                                            "is_parallel": true,
                                            "self": 10.648263099999989,
                                            "children": {
                                                "steps_from_proto": {
                                                    "total": 0.002516399999999308,
                                                    "count": 1,
                                                    "is_parallel": true,
                                                    "self": 0.002064500000001246,
                                                    "children": {
                                                        "_process_rank_one_or_two_observation": {
                                                            "total": 0.0004518999999980622,
                                                            "count": 2,
                                                            "is_parallel": true,
                                                            "self": 0.0004518999999980622
                                                        }
                                                    }
                                                },
                                                "UnityEnvironment.step": {
                                                    "total": 12.102043000000016,
                                                    "count": 239,
                                                    "is_parallel": true,
                                                    "self": 0.06344830000000812,
                                                    "children": {
                                                        "UnityEnvironment._generate_step_input": {
                                                            "total": 0.06369260000001731,
                                                            "count": 239,
                                                            "is_parallel": true,
                                                            "self": 0.06369260000001731
                                                        },
                                                        "communicator.exchange": {
                                                            "total": 11.813251399999984,
                                                            "count": 239,
                                                            "is_parallel": true,
                                                            "self": 11.813251399999984
                                                        },
                                                        "steps_from_proto": {
                                                            "total": 0.16165070000000625,
                                                            "count": 239,
                                                            "is_parallel": true,
                                                            "self": 0.06368610000001951,
                                                            "children": {
                                                                "_process_rank_one_or_two_observation": {
                                                                    "total": 0.09796459999998675,
                                                                    "count": 478,
                                                                    "is_parallel": true,
                                                                    "self": 0.09796459999998675
                                                                }
                                                            }
                                                        }
                                                    }
                                                }
                                            }
                                        }
                                    }
                                }
                            }
                        },
                        "trainer_advance": {
                            "total": 5.2847166000000705,
                            "count": 239,
                            "self": 0.014088400000037637,
                            "children": {
                                "process_trajectory": {
                                    "total": 0.1875521000000333,
                                    "count": 239,
                                    "self": 0.1875521000000333
                                },