{
    "name": "root",
    "gauges": {
        "RollerBall.Policy.Entropy.mean": {
            "value": 1.3996599912643433,
            "min": 1.3996599912643433,
            "max": 1.4107720851898193,
            "count": 2
        },
        "RollerBall.Policy.Entropy.sum": {
            "value": 1399.6600341796875,
            "min": 1399.6600341796875,
            "max": 1587.11865234375,
            "count": 2
        },
        "RollerBall.Environment.EpisodeLength.mean": {
            "value": 17.0625,
            "min": 16.48,
            "max": 17.0625,
            "count": 2
        },
        "RollerBall.Environment.EpisodeLength.sum": {
            "value": 1092.0,
            "min": 824.0,
            "max": 1092.0,
            "count": 2
        },
        "RollerBall.Step.mean": {
            "value": 1992.0,
            "min": 990.0,
            "max": 1992.0,
            "count": 2
        },
        "RollerBall.Step.sum": {
            "value": 1992.0,
            "min": 990.0,
            "max": 1992.0,
            "count": 2
        },
        "RollerBall.Policy.ExtrinsicValueEstimate.mean": {
            "value": -0.7853586673736572,
            "min": -0.8504706621170044,
            "max": -0.7853586673736572,
            "count": 2
        },
        "RollerBall.Policy.ExtrinsicValueEstimate.sum": {
            "value": -51.04831314086914,
            "min": -51.04831314086914,
            "max": -45.07494354248047,
            "count": 2
        },
        "RollerBall.Environment.CumulativeReward.mean": {
            "value": -0.8726562522351742,
            "min": -1.037755095228857,
            "max": -0.8726562522351742,
            "count": 2
        },
        "RollerBall.Environment.CumulativeReward.sum": {
            "value": -55.85000014305115,
            "min": -55.85000014305115,
            "max": -50.84999966621399,
            "count": 2
        },
        "RollerBall.Policy.ExtrinsicReward.mean": {
            "value": -0.8726562522351742,
            "min": -1.037755095228857,
            "max": -0.8726562522351742,
            "count": 2
        },
        "RollerBall.Policy.ExtrinsicReward.sum": {
            "value": -55.85000014305115,
            "min": -55.85000014305115,
            "max": -50.84999966621399,
            "count": 2
        },
        "RollerBall.Losses.PolicyLoss.mean": {
            "value": 0.24206910525832756,
            "min": 0.2350547422829774,
            "max": 0.24206910525832756,
            "count": 2
        },
        "RollerBall.Losses.PolicyLoss.sum": {
            "value": 2.178621947324948,
            "min": 1.6453831959808418,
            "max": 2.178621947324948,
            "count": 2
        },
        "RollerBall.Losses.ValueLoss.mean": {
            "value": 0.463728475927692,
            "min": 0.463728475927692,
            "max": 0.6852305667561526,
            "count": 2
        },
        "RollerBall.Losses.ValueLoss.sum": {
            "value": 4.173556283349228,
            "min": 4.173556283349228,
            "max": 4.796613967293068,
            "count": 2
        },
        "RollerBall.Policy.LearningRate.mean": {
            "value": 0.0002990987336337555,
            "min": 0.0002990987336337555,
            "max": 0.0002996995715287142,
            "count": 2
        },
        "RollerBall.Policy.LearningRate.sum": {
            "value": 0.0026918886027037995,
            "min": 0.0020978970007009996,
            "max": 0.0026918886027037995,
            "count": 2
        },
        "RollerBall.Policy.Epsilon.mean": {
            "value": 0.1996995777777778,
            "min": 0.1996995777777778,
            "max": 0.19989985714285713,
            "count": 2
        },
        "RollerBall.Policy.Epsilon.sum": {
            "value": 1.7972962000000001,
            "min": 1.3992989999999998,
            "max": 1.7972962000000001,
            "count": 2
        },
        "RollerBall.Policy.Beta.mean": {
            "value": 0.0004985279311111111,
            "min": 0.0004985279311111111,
            "max": 0.0004995093000000001,
            "count": 2
        },
        "RollerBall.Policy.Beta.sum": {
            "value": 0.00448675138,
            "min": 0.0034965651000000006,
            "max": 0.00448675138,
            "count": 2
        },
        "RollerBall.IsTraining.mean": {
            "value": 1.0,
            "min": 1.0,
            "max": 1.0,
            "count": 2
        },
        "RollerBall.IsTraining.sum": {
            "value": 1.0,
            "min": 1.0,
            "max": 1.0,
            "count": 2
        }
    },
    "metadata": {
        "timer_format_version": "0.1.0",
        "start_time_seconds": "1669851998",
        "python_version": "3.9.2rc1 (tags/v3.9.2rc1:4064156, Feb 17 2021, 11:25:18) [MSC v.1928 64 bit (AMD64)]",
        "command_line_arguments": "C:\\Users\\raulm\\AppData\\Local\\Programs\\Python\\Python39\\Scripts\\mlagents-learn rollerball_config.yaml --run-id=RollerAgent --force",
        "mlagents_version": "0.29.0",
        "mlagents_envs_version": "0.29.0",
        "communication_protocol_version": "1.5.0",
        "pytorch_version": "1.7.1+cu110",
        "numpy_version": "1.21.2",
        "end_time_seconds": "1669852106"
    },
    "total": 107.8227657,
    "count": 1,
    "self": 0.016122699999996826,
    "children": {
        "run_training.setup": {
            "total": 0.24297450000000032,
            "count": 1,
            "self": 0.24297450000000032
        },
        "TrainerController.start_learning": {
            "total": 107.5636685,
            "count": 1,
            "self": 0.024366599999964933,
            "children": {
                "TrainerController._reset_env": {
                    "total": 14.0274556,
                    "count": 1,
                    "self": 14.0274556
                },
                "TrainerController.advance": {
                    "total": 93.20511340000004,
                    "count": 519,
                    "self": 0.02307769999994491,
                    "children": {
                        "env_step": {
                            "total": 82.42390240000009,
                            "count": 519,
                            "self": 80.1696195000001,
                            "children": {
                                "SubprocessEnvManager._take_step": {
                                    "total": 2.2418204000000266,
                                    "count": 519,
                                    "self": 0.06658689999999723,
                                    "children": {
                                        "TorchPolicy.evaluate": {
                                            "total": 2.1752335000000294,
                                            "count": 431,
                                            "self": 0.5241460000000941,
                                            "children": {
                                                "TorchPolicy.sample_actions": {
                                                    "total": 1.6510874999999352,
                                                    "count": 431,
                                                    "self": 1.6510874999999352
                                                }
                                            }
                                        }
                                    }
                                },
                                "workers": {
                                    "total": 0.012462499999958965,
                                    "count": 518,
                                    "self": 0.0,
                                    "children": {
                                        "worker_root": {
                                            "total": 32.87837979999996,
                                            "count": 518,
                                            "is_parallel": true,