{
    "name": "root",
    "gauges": {
        "RollerBall.Policy.Entropy.mean": {
            "value": 1.2961235046386719,
            "min": 1.2961235046386719,
            "max": 1.3554085493087769,
            "count": 11
        },
        "RollerBall.Policy.Entropy.sum": {
            "value": 1337.5994873046875,
            "min": 477.10382080078125,
            "max": 1386.6339111328125,
            "count": 11
        },
        "RollerBall.Environment.EpisodeLength.mean": {
            "value": 13.028985507246377,
            "min": 13.028985507246377,
            "max": 17.574074074074073,
            "count": 11
        },
        "RollerBall.Environment.EpisodeLength.sum": {
            "value": 899.0,
            "min": 278.0,
            "max": 958.0,
            "count": 11
        },
        "RollerBall.Step.mean": {
            "value": 20977.0,
            "min": 10992.0,
            "max": 20977.0,
            "count": 11
        },
        "RollerBall.Step.sum": {
            "value": 20977.0,
            "min": 10992.0,
            "max": 20977.0,
            "count": 11
        },
        "RollerBall.Policy.ExtrinsicValueEstimate.mean": {
            "value": -1.6282693147659302,
            "min": -1.6282693147659302,
            "max": 1.7923095226287842,
            "count": 11
        },
        "RollerBall.Policy.ExtrinsicValueEstimate.sum": {
            "value": -113.97885131835938,
            "min": -113.97885131835938,
            "max": 57.353904724121094,
            "count": 11
        },
        "RollerBall.Environment.CumulativeReward.mean": {
            "value": -1.8142857142857143,
            "min": -1.8142857142857143,
            "max": 2.75,
            "count": 11
        },
        "RollerBall.Environment.CumulativeReward.sum": {
            "value": -127.0,
            "min": -127.0,
            "max": 55.0,
            "count": 11
        },
        "RollerBall.Policy.ExtrinsicReward.mean": {
            "value": -1.8142857142857143,
            "min": -1.8142857142857143,
            "max": 2.75,
            "count": 11
        },
        "RollerBall.Policy.ExtrinsicReward.sum": {
            "value": -127.0,
            "min": -127.0,
            "max": 55.0,
            "count": 11
        },
        "RollerBall.Losses.PolicyLoss.mean": {
            "value": 0.2371146186811125,
            "min": 0.21923232496612602,
            "max": 0.27553847579491175,
            "count": 11
        },
        "RollerBall.Losses.PolicyLoss.sum": {
            "value": 2.1340315681300126,
            "min": 0.6576969748983781,
            "max": 2.3212271752054665,
            "count": 11
        },
        "RollerBall.Losses.ValueLoss.mean": {
            "value": 0.2443510300567631,
            "min": 0.2443510300567631,
            "max": 0.8242159452900817,
            "count": 11
        },
        "RollerBall.Losses.ValueLoss.sum": {
            "value": 2.199159270510868,
            "min": 1.4342503191508127,
            "max": 7.417943507610735,
            "count": 11
        },
        "RollerBall.Policy.LearningRate.mean": {
            "value": 0.00028768240410586665,
            "min": 0.00028768240410586665,
            "max": 0.0002934764021745333,
            "count": 11
        },
        "RollerBall.Policy.LearningRate.sum": {
            "value": 0.0025891416369527996,
            "min": 0.0008804292065235999,
            "max": 0.0026326272224576003,
            "count": 11
        },
        "RollerBall.Policy.Epsilon.mean": {
            "value": 0.19589413333333333,
            "min": 0.19589413333333333,
            "max": 0.19782546666666667,
            "count": 11
        },
        "RollerBall.Policy.Epsilon.sum": {
            "value": 1.7630472,
            "min": 0.5934764,
            "max": 1.7775424000000002,
            "count": 11
        },
        "RollerBall.Policy.Beta.mean": {
            "value": 0.0004798812533333334,
            "min": 0.0004798812533333334,
            "max": 0.0004893447866666667,
            "count": 11
        },
        "RollerBall.Policy.Beta.sum": {
            "value": 0.00431893128,
            "min": 0.0014680343599999999,
            "max": 0.00438995776,
            "count": 11
        },
        "RollerBall.IsTraining.mean": {
            "value": 1.0,
            "min": 1.0,
            "max": 1.0,
            "count": 11
        },
        "RollerBall.IsTraining.sum": {
            "value": 1.0,
            "min": 1.0,
            "max": 1.0,
            "count": 11
        }
    },
    "metadata": {
        "timer_format_version": "0.1.0",
        "start_time_seconds": "1669257151",
        "python_version": "3.9.2rc1 (tags/v3.9.2rc1:4064156, Feb 17 2021, 11:25:18) [MSC v.1928 64 bit (AMD64)]",
        "command_line_arguments": "C:\\Users\\rodri\\AppData\\Local\\Programs\\Python\\Python39\\Scripts\\mlagents-learn rollerball_config.yaml --run-id=RollerBall --resume",
        "mlagents_version": "0.29.0",
        "mlagents_envs_version": "0.29.0",
        "communication_protocol_version": "1.5.0",
        "pytorch_version": "1.7.1+cu110",
        "numpy_version": "1.21.2",
        "end_time_seconds": "1669257461"
    },
    "total": 309.2988509,
    "count": 1,
    "self": 0.009010699999976168,
    "children": {
        "run_training.setup": {
            "total": 0.15992570000000006,
            "count": 1,
            "self": 0.15992570000000006
        },
        "TrainerController.start_learning": {
            "total": 309.12991450000004,
            "count": 1,
            "self": 0.27973509999975477,
            "children": {
                "TrainerController._reset_env": {
                    "total": 16.3032794,
                    "count": 1,
                    "self": 16.3032794
                },
                "TrainerController.advance": {
                    "total": 292.4599778000003,
                    "count": 11670,
                    "self": 0.2412182999999004,
                    "children": {
                        "env_step": {
                            "total": 225.58741690000025,
                            "count": 11670,
                            "self": 182.314720400002,
                            "children": {
                                "SubprocessEnvManager._take_step": {
                                    "total": 43.10727899999885,
                                    "count": 11671,
                                    "self": 0.8376149999983866,
                                    "children": {
                                        "TorchPolicy.evaluate": {
                                            "total": 42.26966400000046,
                                            "count": 11149,
                                            "self": 16.069730799999885,
                                            "children": {
                                                "TorchPolicy.sample_actions": {
                                                    "total": 26.199933200000576,
                                                    "count": 11149,
                                                    "self": 26.199933200000576
                                                }
                                            }
                                        }
                                    }
                                },
                                "workers": {
                                    "total": 0.16541749999940336,
                                    "count": 11669,
                                    "self": 0.0,
                                    "children": {
                                        "worker_root": {
                                            "total": 227.6288206999992,
                                            "count": 11669,
                                            "is_parallel": true,