{
    "name": "root",
    "gauges": {
        "RollerBall.Policy.Entropy.mean": {
            "value": 1.254888892173767,
            "min": 1.254888892173767,
            "max": 1.4142615795135498,
            "count": 34
        },
        "RollerBall.Policy.Entropy.sum": {
            "value": 1254.888916015625,
            "min": 1212.928466796875,
            "max": 1506.1885986328125,
            "count": 34
        },
        "RollerBall.Environment.EpisodeLength.mean": {
            "value": 15.456140350877194,
            "min": 10.618421052631579,
            "max": 17.78787878787879,
            "count": 34
        },
        "RollerBall.Environment.EpisodeLength.sum": {
            "value": 881.0,
            "min": 705.0,
            "max": 1174.0,
            "count": 34
        },
        "RollerBall.Step.mean": {
            "value": 33989.0,
            "min": 992.0,
            "max": 33989.0,
            "count": 34
        },
        "RollerBall.Step.sum": {
            "value": 33989.0,
            "min": 992.0,
            "max": 33989.0,
            "count": 34
        },
        "RollerBall.Policy.ExtrinsicValueEstimate.mean": {
            "value": -0.01872142218053341,
            "min": -1.2528599500656128,
            "max": -0.01872142218053341,
            "count": 34
        },
        "RollerBall.Policy.ExtrinsicValueEstimate.sum": {
            "value": -1.1045639514923096,
            "min": -96.47021484375,
            "max": -1.1045639514923096,
            "count": 34
        },
        "RollerBall.Environment.CumulativeReward.mean": {
            "value": -0.15789473684210525,
            "min": -1.4078947368421053,
            "max": -0.15789473684210525,
            "count": 34
        },
        "RollerBall.Environment.CumulativeReward.sum": {
            "value": -9.0,
            "min": -107.0,
            "max": -9.0,
            "count": 34
        },
        "RollerBall.Policy.ExtrinsicReward.mean": {
            "value": -0.15789473684210525,
            "min": -1.4078947368421053,
            "max": -0.15789473684210525,
            "count": 34
        },
        "RollerBall.Policy.ExtrinsicReward.sum": {
            "value": -9.0,
            "min": -107.0,
            "max": -9.0,
            "count": 34
        },
        "RollerBall.Losses.PolicyLoss.mean": {
            "value": 0.22738472027970003,
            "min": 0.2163302046965162,
            "max": 0.27363353090449455,
            "count": 34
        },
        "RollerBall.Losses.PolicyLoss.sum": {
            "value": 2.0464624825173003,
            "min": 1.7275356049188642,
            "max": 2.5175152134753067,
            "count": 34
        },
        "RollerBall.Losses.ValueLoss.mean": {
            "value": 1.0525060611249155,
            "min": 0.9494650016303616,
            "max": 1.5468438723412428,
            "count": 34
        },
        "RollerBall.Losses.ValueLoss.sum": {
            "value": 9.47255455012424,
            "min": 7.693675559819347,
            "max": 15.468438723412428,
            "count": 34
        },
        "RollerBall.Policy.LearningRate.mean": {
            "value": 0.00027990560669813335,
            "min": 0.00027990560669813335,
            "max": 0.00029967453344182217,
            "count": 34
        },
        "RollerBall.Policy.LearningRate.sum": {
            "value": 0.0025191504602832,
            "min": 0.002051796016067999,
            "max": 0.002949043216985599,
            "count": 34
        },
        "RollerBall.Policy.Epsilon.mean": {
            "value": 0.1933018666666667,
            "min": 0.1933018666666667,
            "max": 0.1998915111111111,
            "count": 34
        },
        "RollerBall.Policy.Epsilon.sum": {
            "value": 1.7397168000000003,
            "min": 1.3839320000000002,
            "max": 1.9830144,
            "count": 34
        },
        "RollerBall.Policy.Beta.mean": {
            "value": 0.00046717914666666673,
            "min": 0.00046717914666666673,
            "max": 0.0004994684044444445,
            "count": 34
        },
        "RollerBall.Policy.Beta.sum": {
            "value": 0.00420461232,
            "min": 0.0034212668000000003,
            "max": 0.00491677056,
            "count": 34
        },
        "RollerBall.IsTraining.mean": {
            "value": 1.0,
            "min": 1.0,
            "max": 1.0,
            "count": 34
        },
        "RollerBall.IsTraining.sum": {
            "value": 1.0,
            "min": 1.0,
            "max": 1.0,
            "count": 34
        }
    },
    "metadata": {
        "timer_format_version": "0.1.0",
        "start_time_seconds": "1669679509",
        "python_version": "3.9.2rc1 (tags/v3.9.2rc1:4064156, Feb 17 2021, 11:25:18) [MSC v.1928 64 bit (AMD64)]",
        "command_line_arguments": "C:\\Users\\rodri\\AppData\\Local\\Programs\\Python\\Python39\\Scripts\\mlagents-learn rollerball_config.yaml --run-id=RollerBall --force",
        "mlagents_version": "0.29.0",
        "mlagents_envs_version": "0.29.0",
        "communication_protocol_version": "1.5.0",
        "pytorch_version": "1.7.1+cu110",
        "numpy_version": "1.21.2",
        "end_time_seconds": "1669680029"
    },
    "total": 519.7844673,
    "count": 1,
    "self": 0.007957599999940612,
    "children": {
        "run_training.setup": {
            "total": 0.15010919999999994,
            "count": 1,
            "self": 0.15010919999999994
        },
        "TrainerController.start_learning": {
            "total": 519.6264005,
            "count": 1,
            "self": 0.2505912999972679,
            "children": {
                "TrainerController._reset_env": {
                    "total": 15.251864600000001,
                    "count": 1,
                    "self": 15.251864600000001
                },
                "TrainerController.advance": {
                    "total": 503.88258690000265,
                    "count": 9013,
                    "self": 0.1972245999982647,
                    "children": {
                        "env_step": {
                            "total": 269.2651209000019,
                            "count": 9013,
                            "self": 239.6096536000003,
                            "children": {
                                "SubprocessEnvManager._take_step": {
                                    "total": 29.51120140000191,
                                    "count": 9013,
                                    "self": 0.6208064000014524,
                                    "children": {
                                        "TorchPolicy.evaluate": {
                                            "total": 28.890395000000456,
                                            "count": 6897,
                                            "self": 8.757425300001085,
                                            "children": {
                                                "TorchPolicy.sample_actions": {
                                                    "total": 20.13296969999937,
                                                    "count": 6897,
                                                    "self": 20.13296969999937
                                                }
                                            }
                                        }
                                    }
                                },
                                "workers": {
                                    "total": 0.1442658999996631,
                                    "count": 9012,
                                    "self": 0.0,
                                    "children": {
                                        "worker_root": {
                                            "total": 444.3500217000027,
                                            "count": 9012,
                                            "is_parallel": true,