{
    "name": "root",
    "gauges": {
        "RollerBall.Policy.Entropy.mean": {
            "value": 1.2573754787445068,
            "min": 1.2547754049301147,
            "max": 1.420482873916626,
            "count": 326
        },
        "RollerBall.Policy.Entropy.sum": {
            "value": 1251.088623046875,
            "min": 1055.69921875,
            "max": 1635.5867919921875,
            "count": 326
        },
        "RollerBall.Environment.EpisodeLength.mean": {
            "value": 93.83333333333333,
            "min": 31.5,
            "max": 123.125,
            "count": 326
        },
        "RollerBall.Environment.EpisodeLength.sum": {
            "value": 1126.0,
            "min": 504.0,
            "max": 1616.0,
            "count": 326
        },
        "RollerBall.Step.mean": {
            "value": 325984.0,
            "min": 964.0,
            "max": 325984.0,
            "count": 326
        },
        "RollerBall.Step.sum": {
            "value": 325984.0,
            "min": 964.0,
            "max": 325984.0,
            "count": 326
        },
        "RollerBall.Policy.ExtrinsicValueEstimate.mean": {
            "value": 2.433651924133301,
            "min": -1.1995460987091064,
            "max": 3.5793356895446777,
            "count": 326
        },
        "RollerBall.Policy.ExtrinsicValueEstimate.sum": {
            "value": 53.54034423828125,
            "min": -32.38774490356445,
            "max": 69.45964050292969,
            "count": 326
        },
        "RollerBall.Environment.CumulativeReward.mean": {
            "value": 7.508333444595337,
            "min": -2.2919999957084656,
            "max": 9.835000270605088,
            "count": 326
        },
        "RollerBall.Environment.CumulativeReward.sum": {
            "value": 90.10000133514404,
            "min": -57.29999989271164,
            "max": 112.79999780654907,
            "count": 326
        },
        "RollerBall.Policy.ExtrinsicReward.mean": {
            "value": 7.508333444595337,
            "min": -2.2919999957084656,
            "max": 9.835000270605088,
            "count": 326
        },
        "RollerBall.Policy.ExtrinsicReward.sum": {
            "value": 90.10000133514404,
            "min": -57.29999989271164,
            "max": 112.79999780654907,
            "count": 326
        },
        "RollerBall.Losses.PolicyLoss.mean": {
            "value": 0.22917958701017258,
            "min": 0.21709064069501924,
            "max": 0.2976844161341626,
            "count": 326
        },
        "RollerBall.Losses.PolicyLoss.sum": {
            "value": 1.604257109071208,
            "min": 1.5196344848651346,
            "max": 2.341612038722471,
            "count": 326
        },
        "RollerBall.Losses.ValueLoss.mean": {
            "value": 0.08378214350238018,
            "min": 0.00960449516538783,
            "max": 0.80709052309811,
            "count": 326
        },
        "RollerBall.Losses.ValueLoss.sum": {
            "value": 0.5864750045166612,
            "min": 0.07683596132310264,
            "max": 6.45672418478488,
            "count": 326
        },
        "RollerBall.Policy.LearningRate.mean": {
            "value": 0.00010469723652951425,
            "min": 0.00010469723652951425,
            "max": 0.0002996851715335143,
            "count": 326
        },
        "RollerBall.Policy.LearningRate.sum": {
            "value": 0.0007328806557065998,
            "min": 0.0007328806557065998,
            "max": 0.0026271174242941996,
            "count": 326
        },
        "RollerBall.Policy.Epsilon.mean": {
            "value": 0.13489905714285713,
            "min": 0.13489905714285713,
            "max": 0.19989505714285713,
            "count": 326
        },
        "RollerBall.Policy.Epsilon.sum": {
            "value": 0.9442934,
            "min": 0.9442934,
            "max": 1.7757058000000003,
            "count": 326
        },
        "RollerBall.Policy.Beta.mean": {
            "value": 0.00018100537999999998,
            "min": 0.00018100537999999998,
            "max": 0.0004994857800000001,
            "count": 326
        },
        "RollerBall.Policy.Beta.sum": {
            "value": 0.00126703766,
            "min": 0.00126703766,
            "max": 0.00438095842,
            "count": 326
        },
        "RollerBall.IsTraining.mean": {
            "value": 1.0,
            "min": 1.0,
            "max": 1.0,
            "count": 326
        },
        "RollerBall.IsTraining.sum": {
            "value": 1.0,
            "min": 1.0,
            "max": 1.0,
            "count": 326
        }
    },
    "metadata": {
        "timer_format_version": "0.1.0",
        "start_time_seconds": "1669685551",
        "python_version": "3.9.2rc1 (tags/v3.9.2rc1:4064156, Feb 17 2021, 11:25:18) [MSC v.1928 64 bit (AMD64)]",
        "command_line_arguments": "C:\\Users\\raulm\\AppData\\Local\\Programs\\Python\\Python39\\Scripts\\mlagents-learn rollerball_config.yaml --run-id=RollerAgent --force",
        "mlagents_version": "0.29.0",
        "mlagents_envs_version": "0.29.0",
        "communication_protocol_version": "1.5.0",
        "pytorch_version": "1.7.1+cu110",
        "numpy_version": "1.21.2",
        "end_time_seconds": "1669689069"
    },
    "total": 3518.0170488999997,
    "count": 1,
    "self": 0.010217699999429897,
    "children": {
        "run_training.setup": {
            "total": 0.3605136999999994,
            "count": 1,
            "self": 0.3605136999999994
        },
        "TrainerController.start_learning": {
            "total": 3517.6463175000004,
            "count": 1,
            "self": 2.2201817000604933,
            "children": {
                "TrainerController._reset_env": {
                    "total": 50.772349,
                    "count": 1,
                    "self": 50.772349
                },
                "TrainerController.advance": {
                    "total": 3464.36744609994,
                    "count": 69228,
                    "self": 2.1511358000234395,
                    "children": {
                        "env_step": {
                            "total": 1870.2221506999456,
                            "count": 69228,
                            "self": 1637.4619090999474,
                            "children": {
                                "SubprocessEnvManager._take_step": {
                                    "total": 231.40480589998958,
                                    "count": 69228,
                                    "self": 7.580651600012374,
                                    "children": {
                                        "TorchPolicy.evaluate": {
                                            "total": 223.8241542999772,
                                            "count": 65277,
                                            "self": 119.76905979994305,
                                            "children": {
                                                "TorchPolicy.sample_actions": {
                                                    "total": 104.05509450003416,
                                                    "count": 65277,
                                                    "self": 104.05509450003416
                                                }
                                            }
                                        }
                                    }
                                },
                                "workers": {
                                    "total": 1.3554357000086057,
                                    "count": 69227,
                                    "self": 0.0,
                                    "children": {
                                        "worker_root": {
                                            "total": 3403.969810600039,
                                            "count": 69227,